{
    "image": {
        "width": 640,
        "height": 480
    },
    "predictions": [
        {
            "x": 490.0,
            "y": 397.0,
            "width": 116.0,
            "height": 114.0,
            "confidence": 0.9006782174110413,
            "class": "rat",
            "class_id": 0,
            "detection_id": "e5ed8073-01c4-4e1e-bd18-475e179c2000"
        },
        {
            "x": 177.5,
            "y": 127.5,
            "width": 125.0,
            "height": 57.0,
            "confidence": 0.8076351881027222,
            "class": "rat",
            "class_id": 0,
            "detection_id": "90fa8ff0-5c88-4ac5-a935-4b18f7c0c912"
        }
    ]
}